ts_utc,local,side,size_mw,pred_spread_eur_mwh
2026-10-09T22:00:00Z,2026-10-10 00:00,-1,10.0,-2.2
2026-10-09T22:15:00Z,2026-10-10 00:15,-1,10.0,-0.02
2026-10-09T22:30:00Z,2026-10-10 00:30,-1,10.0,-1.36
2026-10-09T22:45:00Z,2026-10-10 00:45,-1,10.0,-1.88
2026-10-09T23:00:00Z,2026-10-10 01:00,-1,10.0,-3.48
2026-10-09T23:15:00Z,2026-10-10 01:15,1,10.0,0.3
2026-10-09T23:30:00Z,2026-10-10 01:30,-1,10.0,-0.85
2026-10-09T23:45:00Z,2026-10-10 01:45,-1,10.0,-0.73
2026-10-10T00:00:00Z,2026-10-10 02:00,1,10.0,1.6
2026-10-10T00:15:00Z,2026-10-10 02:15,1,10.0,2.79
2026-10-10T00:30:00Z,2026-10-10 02:30,1,10.0,1.47
2026-10-10T00:45:00Z,2026-10-10 02:45,-1,10.0,-1.12
2026-10-10T01:00:00Z,2026-10-10 03:00,1,10.0,0.01
2026-10-10T01:15:00Z,2026-10-10 03:15,1,10.0,0.75
2026-10-10T01:30:00Z,2026-10-10 03:30,1,10.0,0.98
2026-10-10T01:45:00Z,2026-10-10 03:45,1,10.0,0.93
2026-10-10T02:00:00Z,2026-10-10 04:00,1,10.0,1.72
2026-10-10T02:15:00Z,2026-10-10 04:15,1,10.0,3.24
2026-10-10T02:30:00Z,2026-10-10 04:30,1,10.0,2.48
2026-10-10T02:45:00Z,2026-10-10 04:45,1,10.0,1.01
2026-10-10T03:00:00Z,2026-10-10 05:00,1,10.0,0.69
2026-10-10T03:15:00Z,2026-10-10 05:15,-1,10.0,-0.06
2026-10-10T03:30:00Z,2026-10-10 05:30,-1,10.0,-0.16
2026-10-10T03:45:00Z,2026-10-10 05:45,1,10.0,0.35
2026-10-10T04:00:00Z,2026-10-10 06:00,-1,10.0,-1.57
2026-10-10T04:15:00Z,2026-10-10 06:15,-1,10.0,-1.17
2026-10-10T04:30:00Z,2026-10-10 06:30,1,10.0,0.35
2026-10-10T04:45:00Z,2026-10-10 06:45,-1,10.0,-0.36
2026-10-10T05:00:00Z,2026-10-10 07:00,-1,10.0,-0.48
2026-10-10T05:15:00Z,2026-10-10 07:15,1,10.0,1.87
2026-10-10T05:30:00Z,2026-10-10 07:30,-1,10.0,-1.31
2026-10-10T05:45:00Z,2026-10-10 07:45,-1,10.0,-0.11
2026-10-10T06:00:00Z,2026-10-10 08:00,1,10.0,3.92
2026-10-10T06:15:00Z,2026-10-10 08:15,-1,10.0,-0.02
2026-10-10T06:30:00Z,2026-10-10 08:30,-1,10.0,-5.58
2026-10-10T06:45:00Z,2026-10-10 08:45,-1,10.0,-3.12
2026-10-10T07:00:00Z,2026-10-10 09:00,-1,10.0,-2.57
2026-10-10T07:15:00Z,2026-10-10 09:15,-1,10.0,-3.1
2026-10-10T07:30:00Z,2026-10-10 09:30,-1,10.0,-4.29
2026-10-10T07:45:00Z,2026-10-10 09:45,1,10.0,7.01
2026-10-10T08:00:00Z,2026-10-10 10:00,1,10.0,0.02
2026-10-10T08:15:00Z,2026-10-10 10:15,1,10.0,1.68
2026-10-10T08:30:00Z,2026-10-10 10:30,1,10.0,9.14
2026-10-10T08:45:00Z,2026-10-10 10:45,1,10.0,11.62
2026-10-10T09:00:00Z,2026-10-10 11:00,1,10.0,16.77
2026-10-10T09:15:00Z,2026-10-10 11:15,1,10.0,15.09
2026-10-10T09:30:00Z,2026-10-10 11:30,1,10.0,12.09
2026-10-10T09:45:00Z,2026-10-10 11:45,1,10.0,14.59
2026-10-10T10:00:00Z,2026-10-10 12:00,1,10.0,14.78
2026-10-10T10:15:00Z,2026-10-10 12:15,1,10.0,21.4
2026-10-10T10:30:00Z,2026-10-10 12:30,1,10.0,24.86
2026-10-10T10:45:00Z,2026-10-10 12:45,1,10.0,24.27
2026-10-10T11:00:00Z,2026-10-10 13:00,1,10.0,19.82
2026-10-10T11:15:00Z,2026-10-10 13:15,1,10.0,22.58
2026-10-10T11:30:00Z,2026-10-10 13:30,1,10.0,22.05
2026-10-10T11:45:00Z,2026-10-10 13:45,1,10.0,20.49
2026-10-10T12:00:00Z,2026-10-10 14:00,1,10.0,19.5
2026-10-10T12:15:00Z,2026-10-10 14:15,1,10.0,20.83
2026-10-10T12:30:00Z,2026-10-10 14:30,1,10.0,21.25
2026-10-10T12:45:00Z,2026-10-10 14:45,1,10.0,19.42
2026-10-10T13:00:00Z,2026-10-10 15:00,1,10.0,18.96
2026-10-10T13:15:00Z,2026-10-10 15:15,1,10.0,19.35
2026-10-10T13:30:00Z,2026-10-10 15:30,1,10.0,10.84
2026-10-10T13:45:00Z,2026-10-10 15:45,-1,10.0,-3.27
2026-10-10T14:00:00Z,2026-10-10 16:00,1,10.0,0.44
2026-10-10T14:15:00Z,2026-10-10 16:15,-1,10.0,-4.21
2026-10-10T14:30:00Z,2026-10-10 16:30,-1,10.0,-4.97
2026-10-10T14:45:00Z,2026-10-10 16:45,-1,10.0,-3.53
2026-10-10T15:00:00Z,2026-10-10 17:00,-1,10.0,-6.2
2026-10-10T15:15:00Z,2026-10-10 17:15,-1,10.0,-6.89
2026-10-10T15:30:00Z,2026-10-10 17:30,-1,10.0,-3.64
2026-10-10T15:45:00Z,2026-10-10 17:45,-1,10.0,-3.23
2026-10-10T16:00:00Z,2026-10-10 18:00,-1,10.0,-1.76
2026-10-10T16:15:00Z,2026-10-10 18:15,-1,10.0,-2.01
2026-10-10T16:30:00Z,2026-10-10 18:30,-1,10.0,-0.4
2026-10-10T16:45:00Z,2026-10-10 18:45,-1,10.0,-6.02
2026-10-10T17:00:00Z,2026-10-10 19:00,-1,10.0,-6.24
2026-10-10T17:15:00Z,2026-10-10 19:15,-1,10.0,-8.42
2026-10-10T17:30:00Z,2026-10-10 19:30,-1,10.0,-6.78
2026-10-10T17:45:00Z,2026-10-10 19:45,-1,10.0,-5.49
2026-10-10T18:00:00Z,2026-10-10 20:00,-1,10.0,-6.68
2026-10-10T18:15:00Z,2026-10-10 20:15,-1,10.0,-4.7
2026-10-10T18:30:00Z,2026-10-10 20:30,1,10.0,2.02
2026-10-10T18:45:00Z,2026-10-10 20:45,1,10.0,1.96
2026-10-10T19:00:00Z,2026-10-10 21:00,1,10.0,1.57
2026-10-10T19:15:00Z,2026-10-10 21:15,1,10.0,2.5
2026-10-10T19:30:00Z,2026-10-10 21:30,-1,10.0,-0.47
2026-10-10T19:45:00Z,2026-10-10 21:45,-1,10.0,-6.34
2026-10-10T20:00:00Z,2026-10-10 22:00,-1,10.0,-6.79
2026-10-10T20:15:00Z,2026-10-10 22:15,-1,10.0,-0.41
2026-10-10T20:30:00Z,2026-10-10 22:30,-1,10.0,-1.34
2026-10-10T20:45:00Z,2026-10-10 22:45,-1,10.0,-0.92
2026-10-10T21:00:00Z,2026-10-10 23:00,1,10.0,0.84
2026-10-10T21:15:00Z,2026-10-10 23:15,1,10.0,4.89
2026-10-10T21:30:00Z,2026-10-10 23:30,1,10.0,3.18
2026-10-10T21:45:00Z,2026-10-10 23:45,1,10.0,0.91
